car_id,car_model,car_make,city,car_time,cost,promo
1,Focus,Ford,Ōmihachiman,1646342546000,74.555,138.4
2,164,Alfa Romeoz,San José de los Remates,1659663165000,12.256,172.1
3,Sierra 3500,GMC,Goge,1640908289000,85.19,177.2
4,S40,Volvo,San Criztóbal Totonicapán,1665067082000,70.67,197.5
5,Avanti,Studebakerz,Vila Fria,1655179972000,87.769,136.7
6,V70,Volvo,Galyugayevskayaz,1664969112000,14.406,128.8
7,Edge,Ford,Tebluruz,1644417375000,36.752,120.3
8,I,Infiniti,Gon’baz,1661520539000,89.285,187.7
9,Jetta,Volkswagen,Nerópolis,1645925011000,25.497,143.5
10,Challenger,Mitsubishi,Balas,1648683529000,37.031,151.4
11,Corsica,Chevrolet,Moinhos,1645701012000,24.822,130.2
12,Rodeo,Isuzu,Bamusso,1656616384000,97.564,144.2
13,Montana,Pontiac,Tari,1663250159000,35.727,161.9
14,Titan,Nissan,San José,1652568495000,22.702,142.7
15,RAV4,Toyota,Turija,1642657148000,30.798,198.5
16,Land Cruiser,Toyota,Saint Cloud,1652846208000,95.175,153.9
17,ES,Lexus,Rubiataba,1641825999000,94.465,153.9
18,LeSabre,Buick,Matanzas,1652820461000,32.973,165.5
19,Quest,Nissan,Yangcun,1660129022000,59.278,157.7
20,Breeze,Plymouth,Monroe,1645568049000,5.999,150.6
21,G6,Pontiac,Tabu,1659234129000,90.949,167.8
22,Continental GTC,Bentley,Zhanlong,1659307365000,11.869,175.6
23,Loyale,Subaru,Novokhovrino,1645050692000,80.218,159.9
24,FR-S,Scion,Wattala,1643475778000,33.505,198.3
25,Accord,Honda,Sandayong Sur,1636874578000,59.68,177.6
26,Camry,Toyota,Kasaoka,1667357256000,90.781,152.3
27,Miata MX-5,Mazda,Ribeiro,1640314355000,44.788,176.3
28,Stratus,Dodge,Hedong,1654237650000,53.937,182.0
29,Pajero,Mitsubishi,Castlerea,1642065719000,31.878,115.3
30,Sienna,Toyota,Villa Florida,1642373084000,27.132,160.3
31,tC,Scion,Venda Nova,1649126561000,45.259,114.3
32,Explorer Sport Trac,Ford,Binonga,1640110730000,23.939,188.4
33,Colorado,Chevrolet,La Esperanza,1653082668000,8.949,129.7
34,Taurus,Ford,Rättvik,1662566150000,22.891,165.4
35,Econoline E150,Ford,Ponta Grossa,1662853544000,61.027,122.5
36,Roadmaster,Buick,Sang-e Chārak,1657722357000,50.0,175.2
37,Viper,Dodge,Cajueiro,1653444388000,9.2,136.7
38,Hombre,Isuzu,Campo Mourão,1660763537000,92.233,197.0
39,4Runner,Toyota,Duba,1658197974000,53.55,141.5
40,914,Porsche,Bayt Ūlā,1663946050000,9.739,128.4
41,Galant,Mitsubishi,Mvuma,1653210135000,76.391,132.9
42,612 Scaglietti,Ferrari,Vallenar,1639144908000,56.487,180.5
43,Prelude,Honda,Tuanlin,1661104991000,82.092,135.4
44,Sequoia,Toyota,Knoxville,1648318521000,32.454,126.6
45,G-Series 2500,Chevrolet,Zhaizigou,1654360415000,3.537,177.3
46,Somerset,Buick,Lagoa Vermelha,1636876846000,87.368,116.7
47,RAV4,Toyota,Haishan,1644029204000,3.116,165.6
48,RAV4,Toyota,Honolulu,1648849696000,25.061,190.1
49,Century,Buick,Kuantan,1642473604000,47.655,185.5
50,Cabriolet,Audi,Gurung,1653620672000,3.73,163.3
51,9000,Saab,Navashino,1656807092000,54.565,171.4
52,Ram 3500,Dodge,Évry,1663429213000,34.775,168.8
53,XJ,Jaguar,Lewoeleng,1667371150000,45.134,181.1
54,Caravan,Dodge,Itajaí,1636995976000,16.794,176.7
55,Galant,Mitsubishi,Lincheng,1637894968000,11.563,129.5
56,Mustang,Ford,Padre Bernardo,1651620120000,54.528,168.9
57,S2000,Honda,Pokrovka,1655658195000,27.782,182.2
58,Galant,Mitsubishi,Zákupy,1660565655000,23.988,115.4
59,Probe,Ford,Tha Ruea,1639316243000,21.362,136.0
60,Mazdaspeed 3,Mazda,Igir-igir,1664710349000,93.823,181.7
61,V50,Volvo,Aţ Ţaybah,1663151455000,81.299,179.0
62,Celica,Toyota,Ballivor,1640812385000,28.594,198.3
63,Passport,Honda,Banho e Carvalhosa,1664121928000,82.265,194.8
64,Protege5,Mazda,Larangan,1658294751000,55.873,180.0
65,Concorde,Chrysler,Zamora,1665352348000,63.131,148.5
66,2500,GMC,Tierp,1640957224000,22.816,148.5
67,Dakota,Dodge,Krugersdorp,1656074591000,49.521,148.4
68,Sunbird,Pontiac,Batroûn,1653536699000,91.173,136.7
69,Country,Ford,Starychi,1640491433000,42.833,182.1
70,90,Audi,Cotia,1663641271000,77.824,195.5
71,Thunderbird,Ford,Chapayevka,1641040192000,16.896,197.9
72,Econoline E150,Ford,Huruta,1648214157000,48.555,144.2
73,Dakota Club,Dodge,Al Maḩallah al Kubrá,1666544847000,98.097,170.3
74,Avenger,Dodge,Xinfeng,1642933380000,28.417,161.0
75,Accord,Honda,Candelaria,1661676142000,85.998,125.1
76,Celica,Toyota,Urambo,1663188253000,28.192,175.6
77,B-Series,Mazda,Mölndal,1643355329000,42.099,187.9
78,R8,Audi,Neyagawa,1654146044000,75.77,185.5
79,Caravan,Dodge,Tianning,1664038885000,74.586,154.3
80,Blazer,Chevrolet,Nicoya,1650431819000,22.882,183.9
81,3 Series,BMW,Quinta de Valadares,1648147705000,43.773,189.7
82,X6,BMW,Panórama,1662338892000,9.796,112.3
83,80/90,Audi,San Pedro de Lloc,1659835132000,21.967,129.7
84,Ram 2500 Club,Dodge,Sutton,1663859062000,22.379,139.1
85,Land Cruiser,Toyota,Richmond,1651957546000,41.957,182.5
86,Vision,Eagle,Vërtop,1650577932000,63.4,196.8
87,Xterra,Nissan,Moravská Třebová,1656063763000,19.396,170.8
88,Roadrunner,Plymouth,Mwinilunga,1645236782000,93.697,110.3
89,Explorer,Ford,Shamboyacu,1638060480000,94.548,128.2
90,CLS-Class,Mercedes-Benz,Potrerillos,1638439377000,30.01,193.9
91,Fiero,Pontiac,Cerrito,1657464611000,37.156,124.4
92,Intrepid,Dodge,Matiompong,1648103427000,42.76,191.7
93,SVX,Subaru,Towa,1661405728000,57.28,117.9
94,B-Series,Mazda,Aguiar da Beira,1657590882000,97.704,195.9
95,Crown Victoria,Ford,Krajan,1652176651000,15.031,147.8
96,Civic,Honda,Dajie,1656509702000,75.658,195.9
97,B-Series,Mazda,Nanto-shi,1667347332000,12.443,179.8
98,Monte Carlo,Chevrolet,Lũng Hồ,1641315898000,89.565,196.7
99,Beretta,Chevrolet,Nanjin,1651239623000,30.406,110.1
100,Tracker,Chevrolet,Gislaved,1666922261000,50.633,117.6
101,S-Series,Saturn,Bununu Kasa,1647459973000,2.163,163.9
102,Clubman,MINI,Xingpinglu,1656870041000,84.657,153.2
103,Escape,Ford,Yongchang,1649370841000,2.356,188.4
104,Sierra 1500,GMC,Jutiapa,1649287967000,44.669,118.8
105,Elise,Lotus,Kuivaniemi,1658339719000,85.566,144.6
106,GLC,Mazda,Samaro,1640235346000,89.734,152.8
107,Celica,Toyota,Hamamatsu,1643983304000,67.458,117.5
108,E-Class,Mercedes-Benz,Thị Trấn Quán Lào,1661551008000,24.499,187.2
109,G-Series 3500,Chevrolet,Zasip,1641252147000,39.254,158.1
110,F430,Ferrari,Jingu,1642048298000,8.84,169.5
111,Taurus,Ford,Xinwu,1649946513000,67.57,172.1
112,Special,Buick,Hejiang,1666448170000,93.52,128.4
113,LS,Lincoln,Sar-e Pul,1655144697000,87.764,148.0
114,Viper,Dodge,Karapyshi,1653777759000,93.365,139.2
115,DeVille,Cadillac,Muonio,1647704520000,48.051,194.2
116,F250,Ford,Luksuhin,1662887325000,99.237,129.4
117,Venture,Chevrolet,Burmakino,1660247135000,35.47,130.8
118,S80,Volvo,Bidbid,1647694836000,16.585,136.6
119,GT-R,Nissan,Seso,1638941731000,59.174,165.9
120,Altima,Nissan,Bamako,1650987986000,38.505,178.8
121,Regal,Buick,Moita,1660518700000,88.988,197.0
122,Escalade ESV,Cadillac,Maseru,1649843418000,31.665,169.4
123,Silverado 1500,Chevrolet,Västervik,1646830167000,65.942,171.5
124,E-Series,Ford,Gamping Lor,1637272814000,57.313,139.2
125,9000,Saab,Ainaro,1653292141000,18.699,157.4
126,Golf,Volkswagen,Thị Trấn Việt Quang,1654690216000,60.725,194.8
127,Montero,Mitsubishi,Sri Jayewardenepura Kotte,1663930176000,50.765,199.3
128,Bronco,Ford,Livadiya,1654277289000,10.882,185.1
129,GTI,Volkswagen,Cikaras,1662395741000,15.035,146.8
130,Eos,Volkswagen,Eystur,1642090250000,67.397,124.7
131,Town Car,Lincoln,Alicia,1657854465000,30.933,187.8
132,Five Hundred,Ford,Guaçuí,1649308082000,96.223,148.1
133,Camry,Toyota,Ubinskoye,1662101864000,56.034,167.6
134,XL7,Suzuki,Bobrovka,1646233029000,77.152,110.0
135,Sierra 3500,GMC,Vratsa,1638980487000,63.697,136.2
136,GX,Lexus,Zhitan,1647071523000,8.29,127.9
137,Roadmaster,Buick,Stockholm,1664864848000,42.16,127.6
138,Neon,Plymouth,Baomin,1638702056000,30.497,169.8
139,JX,Infiniti,Shankill,1662178178000,48.078,116.2
140,Sentra,Nissan,Donghai,1655653374000,2.407,127.6
141,NSX,Acura,Кондово,1659004416000,91.149,110.0
142,Torrent,Pontiac,Sukoanyar,1663289212000,46.703,125.0
143,MX-5,Mazda,Zeguo,1664507998000,72.047,134.1
144,LeSabre,Buick,Kaskinen,1660860057000,53.973,168.0
145,IS,Lexus,Maurisu,1637181269000,30.2,182.6
146,Nitro,Dodge,Tangqian,1647729394000,66.099,149.7
147,Silverado 3500,Chevrolet,Mungyeong,1647459657000,48.3,113.0
148,Explorer,Ford,Bingerville,1655664012000,68.504,157.5
149,DeVille,Cadillac,Tingping,1660858013000,38.83,191.7
150,Arnage,Bentley,El Mirador,1667681956000,41.349,189.6
151,Town & Country,Chrysler,Lichtenburg,1661942339000,50.059,182.3
152,Lucerne,Buick,Sidaraja,1647537161000,83.352,179.2
153,Dakota,Dodge,Yangping,1659414608000,43.111,139.6
154,Impreza,Subaru,Bukowiec,1661093221000,66.853,159.5
155,Sable,Mercury,Yuracyacu,1666725979000,70.114,137.8
156,B-Series,Mazda,San Juan de Mata,1649526501000,3.892,136.6
157,Seville,Cadillac,Stakhanov,1653191177000,47.362,192.8
158,Solara,Toyota,Zhouwang,1636822721000,48.521,197.3
159,Santa Fe,Hyundai,Baoyou,1659756599000,54.697,194.3
160,6000,Pontiac,Gurgurnica,1663441525000,29.99,197.8
161,iQ,Scion,Armopa,1651436114000,62.022,190.8
162,Vibe,Pontiac,Hengpi,1638398221000,71.487,194.0
163,Courier,Ford,Antou,1663936231000,3.866,155.6
164,Econoline E350,Ford,Shimabara,1642908802000,61.634,166.3
165,GTI,Volkswagen,Póvoa,1652004173000,45.923,116.7
166,LeSabre,Buick,Lom Sak,1651595283000,93.847,162.4
167,Sportage,Kia,Gnosjö,1666909702000,76.796,130.4
168,Cutlass Supreme,Oldsmobile,Alangalang,1641729721000,3.437,154.0
169,Lancer,Mitsubishi,Tsarychanka,1637968620000,2.91,155.8
170,CR-V,Honda,Gus’-Zheleznyy,1666380526000,4.464,198.7
171,3500,Chevrolet,Bełżec,1658798769000,71.84,155.5
172,Maxima,Nissan,Bongouanou,1657348022000,43.924,199.8
173,Eclipse,Mitsubishi,Pākpattan,1663908984000,2.254,139.6
174,Ranger,Ford,Matara,1655148563000,3.647,181.6
175,Caprice,Chevrolet,Huxi,1662155470000,26.55,132.9
176,Silhouette,Oldsmobile,Sopla,1648026709000,21.622,177.3
177,300,Chrysler,Ngarus,1636647733000,46.786,188.0
178,Caprice,Chevrolet,Gelin,1652274375000,84.023,135.2
179,RX-7,Mazda,Jetis,1651026268000,37.927,175.1
180,Prius,Toyota,Cái Nhum,1650129980000,38.244,189.9
181,F150,Ford,Cagnes-sur-Mer,1653986956000,77.123,158.7
182,Sequoia,Toyota,Makiv,1638158866000,74.498,175.6
183,Rogue,Nissan,Kuantan,1655119126000,4.828,144.0
184,Vandura G1500,GMC,Odessa,1656962526000,23.592,133.6
185,Express 1500,Chevrolet,Arinos,1663425476000,56.739,188.4
186,Dakota Club,Dodge,Pasirpengarayan,1662996633000,98.405,138.2
187,Mustang,Ford,Bakau,1648494782000,84.288,156.2
188,MKT,Lincoln,Windsor,1654197299000,67.063,148.2
189,Prizm,Geo,Siaya,1643732550000,74.354,154.2
190,Monte Carlo,Chevrolet,Saint George's,1662359370000,29.679,169.6
191,TT,Audi,Lyasny,1639030669000,28.68,140.6
192,3500 Club Coupe,GMC,Rocky Mountain House,1647310787000,94.951,147.8
193,IS,Lexus,Loga,1662139298000,11.628,114.5
194,550,BMW,Pawłowiczki,1659246035000,61.668,150.7
195,Sidekick,Suzuki,Iiyama,1644603944000,29.291,135.9
196,Quattroporte,Maserati,Boende,1643014611000,46.567,163.3
197,Impala,Chevrolet,Khorinsk,1667073654000,46.916,148.5
198,Firebird,Pontiac,Pöytyä,1655325604000,45.868,144.2
199,Town Car,Lincoln,Jinglongqiao,1644303109000,56.136,190.6
200,Suburban 1500,Chevrolet,Hejia,1650885529000,4.791,188.3
201,MPV,Mazda,Bitica,1663196600000,33.595,131.4
202,Ram,Dodge,Tulyushka,1640096029000,49.197,128.7
203,Phantom,Rolls-Royce,Northern Suburbs Mc,1637018351000,31.637,190.5
204,Corvette,Chevrolet,Al Munīrah,1638806365000,99.027,138.8
205,E-Class,Mercedes-Benz,Nuevitas,1658484699000,85.249,150.6
206,Prizm,Chevrolet,Kokubunji,1648049684000,90.217,187.7
207,Cobalt,Chevrolet,Kangmei,1636577469000,61.296,194.1
208,Esprit,Lotus,Taiping,1638234779000,79.367,169.2
209,Corvette,Chevrolet,Guéret,1636527378000,93.748,193.2
210,Impala,Chevrolet,Kuchurhan,1641288541000,98.29,153.3
211,9-7X,Saab,Acevedo,1638514447000,6.356,146.3
212,MX-5,Mazda,Huangjiazhai,1640650882000,78.458,110.3
213,S10,Chevrolet,Rabat,1646449261000,97.267,113.1
214,Maxima,Nissan,Billdal,1638888470000,71.066,186.7
215,E-Class,Mercedes-Benz,Krajan Tekung,1646015097000,5.973,138.0
216,Silverado 2500,Chevrolet,Shaxi,1646735262000,78.654,179.1
217,S90,Volvo,Sakaraha,1644571425000,24.804,152.4
218,Boxster,Porsche,Youxikou,1643812356000,9.841,132.9
219,4000CS Quattro,Audi,Toulon,1638203236000,55.689,165.0
220,C30,Volvo,Matou,1666934758000,73.725,169.0
221,Golf,Volkswagen,Barentu,1655143258000,98.165,157.0
222,Charger,Dodge,Plagiári,1643360335000,74.547,186.2
223,Tempo,Ford,Juan L. Lacaze,1666209635000,94.01,130.6
224,G,Infiniti,Sison,1636816257000,75.074,190.8
225,Gallardo,Lamborghini,Feteira Pequena,1643614236000,23.127,126.4
226,Torrent,Pontiac,Zelenodolsk,1646307771000,52.705,175.0
227,M-Class,Mercedes-Benz,Yanda Bayo,1658739647000,36.67,191.1
228,Breeze,Plymouth,Pledo,1637272247000,17.692,144.3
229,Continental Mark VII,Lincoln,Dapchi,1656219310000,3.195,191.3
230,Mystique,Mercury,Pingxiang,1652553647000,37.512,131.6
231,Yukon XL 2500,GMC,Tomdibuloq,1646768370000,21.058,152.4
232,Accent,Hyundai,Zhangping,1645766672000,15.35,193.9
233,B2000,Mazda,Selmes,1661578561000,4.351,128.6
234,Montero Sport,Mitsubishi,Ush-Tyube,1638033013000,49.446,180.5
235,Mountaineer,Mercury,København,1662937423000,11.126,197.4
236,9-7X,Saab,Wantian,1640205916000,22.189,148.8
237,Sidekick,Suzuki,Panguruan,1642147166000,21.033,115.7
238,RX-8,Mazda,Faeanak Dua,1666926774000,87.77,117.3
239,8 Series,BMW,San Rafael,1654616605000,86.308,148.0
240,XJ Series,Jaguar,Furongqiao,1640818226000,20.78,187.4
241,tC,Scion,Chuanxi,1649564017000,27.489,153.9
242,Endeavor,Mitsubishi,Minokamo,1651140625000,72.035,138.0
243,Vitara,Suzuki,Bourg-en-Bresse,1637791842000,61.911,149.0
244,Sorento,Kia,Sentul,1652856370000,57.423,119.4
245,Quattro,Audi,Bangilan,1646657980000,66.416,198.7
246,Prowler,Plymouth,Punata,1642301662000,5.15,131.5
247,Outback,Subaru,Moryń,1636839913000,70.981,188.6
248,Talon,Eagle,Kirove,1637276309000,42.969,122.0
249,7 Series,BMW,Danbury,1662639300000,4.637,152.7
250,4Runner,Toyota,Obiaruku Quarters,1658085842000,50.488,158.4
251,D250 Club,Dodge,Yezhu,1645556930000,94.363,119.2
252,MDX,Acura,Socorro,1646904371000,82.943,148.2
253,Sidekick,Suzuki,Thị Trấn Nga Sơn,1659209975000,98.442,138.1
254,Jimmy,GMC,Carcavelos,1659136853000,53.529,116.9
255,Sequoia,Toyota,Huangyuan Chengguanzhen,1643160564000,91.874,185.4
256,Elantra,Hyundai,Xinli,1656468993000,24.438,145.6
257,CLK-Class,Mercedes-Benz,Presidencia Roque Sáenz Peña,1662454609000,9.747,156.0
258,V8,Audi,Gressier,1652539170000,58.698,125.9
259,A6,Audi,Beringovskiy,1656783339000,56.85,178.1
260,MDX,Acura,Huskvarna,1643641788000,26.738,135.1
261,Panamera,Porsche,Notre Dame,1652969776000,48.097,151.3
262,Commander,Jeep,Lille,1665186959000,18.389,187.9
263,M-Class,Mercedes-Benz,Byuravan,1651984152000,50.865,189.8
264,Land Cruiser,Toyota,San Sebastian,1651593342000,37.653,187.2
265,H1,Hummer,Beixiaoying,1652234869000,7.236,160.6
266,Pajero,Mitsubishi,Bradenton,1637425340000,90.294,199.4
267,3500 Club Coupe,GMC,Antimácheia,1642901215000,60.585,177.3
268,Avalon,Toyota,Colonia Neuland,1644356816000,60.491,191.2
269,D150 Club,Dodge,Banyuresmi,1656168215000,41.598,126.0
270,Torrent,Pontiac,Nkandla,1645088378000,77.34,149.6
271,RL,Acura,Oibioin,1663454707000,45.781,145.1
272,Loyale,Subaru,Misau,1665793349000,41.416,181.5
273,Ram 3500,Dodge,Mulanay,1638415099000,48.32,111.6
274,E-Series,Ford,Schieren,1663669387000,82.471,180.2
275,MINI,MINI,Smederevo,1639522328000,9.641,156.3
276,C8 Laviolette,Spyker,Tateyama,1657476018000,71.981,140.6
277,2500,GMC,Pende,1661570076000,16.03,118.4
278,Avanti,Studebaker,Hamburg,1654209870000,10.74,155.4
279,Suburban 1500,GMC,Daqin Tal,1666355893000,7.23,136.1
280,Transit Connect,Ford,Capela,1641224537000,46.871,181.9
281,Mark VII,Lincoln,Watunggong,1643346123000,12.551,145.4
282,Cayenne,Porsche,Zhamog,1646224009000,3.605,176.6
283,Armada,Nissan,Limbuhan,1644324265000,84.51,157.7
284,M3,BMW,Laocheng,1657648395000,23.805,112.3
285,Passat,Volkswagen,Masaran,1661359008000,79.281,120.5
286,Q7,Audi,Xianyi,1661332947000,91.149,131.1
287,S-Type,Jaguar,Iiyama,1648695301000,73.275,121.4
288,Boxster,Porsche,Zhuanqukou,1666624206000,26.721,189.6
289,MKZ,Lincoln,Gjoa Haven,1661706591000,39.097,199.6
290,Rogue,Nissan,Dukuhsia,1645103707000,32.766,168.0
291,RAV4,Toyota,Rushanzhai,1640541976000,15.879,187.4
292,2500,GMC,Rostokino,1637801936000,41.155,197.2
293,Express 2500,Chevrolet,Skole,1663026738000,2.309,187.9
294,S80,Volvo,Canguaretama,1642014638000,58.376,138.6
295,S-Class,Mercedes-Benz,Yangxi,1650096799000,65.705,189.7
296,S80,Volvo,Catanduva,1663452761000,42.125,139.3
297,Highlander,Toyota,Majāz al Bāb,1659606445000,24.868,180.1
298,XC90,Volvo,Hushi,1664144986000,12.575,145.4
299,Continental,Lincoln,Salvaleón de Higüey,1648526733000,41.574,180.2
300,Breeze,Plymouth,Kampunganyar,1661886890000,30.782,172.6
301,Chariot,Mitsubishi,Baki,1652469144000,64.891,137.9
302,Vanquish S,Aston Martin,Zabaykal’sk,1641533641000,81.417,199.1
303,Escort,Ford,Huangtan,1660512846000,75.761,142.4
304,Prelude,Honda,Castellon De La Plana/Castello De La Pla,1644322862000,60.508,159.2
305,Integra,Acura,Wosai,1663884362000,89.205,121.8
306,ES,Lexus,Pingxi,1637342424000,64.218,184.6
307,LeMans,Pontiac,Soisy-sous-Montmorency,1651508153000,74.008,179.5
308,H3,Hummer,Ngroto,1647690543000,7.067,182.2
309,GTO,Mitsubishi,Carolina,1637092532000,29.638,147.5
310,S-Class,Mercedes-Benz,Nangalimang,1667700185000,77.48,199.7
311,MX-5,Mazda,Bayasgalant,1658545776000,36.863,191.6
312,PT Cruiser,Chrysler,Dami,1640630861000,13.917,162.1
313,GTI,Volkswagen,Mantar,1640500677000,74.111,192.1
314,Canyon,GMC,Orikhiv,1645726431000,98.734,186.6
315,E350,Ford,Dongkeng,1643467163000,46.546,191.4
316,Mustang,Ford,Zhanghuban,1649179557000,52.841,197.7
317,Yukon,GMC,Independencia,1655639113000,84.069,157.9
318,G,Infiniti,Pordapor Barat,1641806481000,76.157,124.4
319,Sunbird,Pontiac,Studená,1641278335000,57.257,151.6
320,Achieva,Oldsmobile,Cholpon-Ata,1648740043000,70.713,141.4
321,SL-Class,Mercedes-Benz,Punata,1649207767000,77.982,118.6
322,Tempest,Pontiac,Tongzhong,1652813445000,41.703,131.0
323,5000S,Audi,Namyangju,1658263467000,11.161,157.5
324,Ranger,Ford,La Romana,1652923220000,78.101,112.9
325,Cutlass Supreme,Oldsmobile,Papelón,1640159981000,58.271,182.5
326,Model S,Tesla,Juazeiro do Norte,1640065731000,92.064,189.1
327,Passat,Volkswagen,Sishui,1666734440000,38.563,172.5
328,6 Series,BMW,Caiyuan,1664074160000,35.993,187.6
329,Mazdaspeed6,Mazda,Pisang,1657930850000,7.09,115.1
330,Avalon,Toyota,Chenzui,1657500512000,32.102,136.6
331,MKT,Lincoln,Tongle,1651660670000,19.745,171.6
332,V90,Volvo,Fatubia,1651259256000,51.357,191.9
333,Chariot,Mitsubishi,Ḩablah,1643665703000,16.156,134.4
334,Rabbit,Volkswagen,Khŭjand,1655688430000,18.822,133.0
335,Sigma,Mitsubishi,Ebu,1657954293000,22.103,145.2
336,Golf,Volkswagen,Kolno,1666090017000,41.438,190.9
337,Envoy,GMC,Swift Current,1655040386000,23.217,147.6
338,Millenia,Mazda,Prámanta,1664736680000,57.17,172.8
339,5 Series,BMW,San Sebastián,1648501410000,86.018,153.0
340,Ascender,Isuzu,Allentown,1660343215000,8.33,116.1
341,Grand Prix,Pontiac,High River,1648773169000,83.089,176.3
342,Liberty,Jeep,Lunang,1639647453000,28.525,153.5
343,240SX,Nissan,Fengcheng,1664894301000,20.62,166.0
344,Riviera,Buick,Parajara,1655277546000,93.733,148.7
345,Trans Sport,Pontiac,Balud,1646521294000,30.883,118.1
346,Expo,Mitsubishi,Shancheng,1648115876000,84.789,142.2
347,Grand Cherokee,Jeep,Yuchi,1644053903000,3.357,192.7
348,H1,Hummer,Fengzhou,1658220920000,26.44,139.1
349,Jetta,Volkswagen,Embu,1657147591000,9.311,197.4
350,NSX,Acura,Oratorio,1641117472000,13.005,133.0
351,Rodeo,Isuzu,Moscow,1659357504000,87.095,178.3
352,MX-5,Mazda,Rotterdam postbusnummers,1647682212000,47.229,165.7
353,Mustang,Ford,El Real,1645054534000,28.349,161.3
354,MX-6,Mazda,Tanjung Pandan,1661292070000,37.547,141.9
355,Dakota Club,Dodge,Paninggaran,1665836880000,73.724,198.4
356,Leone,Subaru,Laborie,1643220396000,68.946,146.2
357,SL-Class,Mercedes-Benz,Taohua,1643957297000,38.485,110.5
358,A8,Audi,Yubileyny,1663003035000,48.962,188.1
359,Sonoma Club Coupe,GMC,Margotuhu Kidul,1650041978000,72.492,142.3
360,PT Cruiser,Chrysler,Turar Ryskulov,1642272834000,21.52,175.5
361,Swift,Suzuki,Jiangwei,1659675494000,13.544,177.0
362,Vitara,Suzuki,Trujillo,1664329461000,98.019,169.9
363,F150,Ford,Los Angeles,1665678109000,77.065,112.9
364,i-Series,Isuzu,Kujang,1640569139000,5.56,167.6
365,Thunderbird,Ford,Sorang,1654527023000,7.102,183.4
366,Concorde,Chrysler,Nuits-Saint-Georges,1656928119000,37.366,177.9
367,612 Scaglietti,Ferrari,El Cobre,1646857140000,46.171,194.6
368,Ram 1500,Dodge,Ciyun,1660528507000,51.127,139.2
369,Caravan,Dodge,Guwoterus,1639669261000,39.084,112.1
370,Park Avenue,Buick,Hŭkkyo-ri,1645573139000,28.47,189.7
371,F250,Ford,Yelabuga,1664115618000,87.199,152.1
372,Talon,Eagle,Qukuhu,1661793401000,22.922,166.3
373,LR3,Land Rover,Bétérou,1643854550000,1.228,160.1
374,Jetta,Volkswagen,Liangting,1656895340000,37.77,180.0
375,V50,Volvo,El Bolsón,1665954859000,63.369,118.4
376,SC,Lexus,Jiaoshanhe,1667207583000,40.424,171.4
377,Tribute,Mazda,Dalazi,1646531016000,57.517,120.8
378,Econoline E350,Ford,Bariri,1643342697000,80.227,136.4
379,Prelude,Honda,Rūdiškės,1656295241000,75.965,189.3
380,F450,Ford,Batukuta,1666761386000,70.383,199.5
381,V70,Volvo,Nuštar,1640976265000,62.929,139.4
382,LeSabre,Buick,Vohipaho,1660952823000,39.848,195.1
383,Journey,Dodge,Huangqiang,1645227470000,49.037,193.9
384,Sequoia,Toyota,Xinan,1659720038000,52.185,173.7
385,Sprinter 3500,Mercedes-Benz,Jungkat Selatan,1648675793000,77.869,119.8
386,HHR,Chevrolet,Kondangrege,1667000418000,94.385,183.0
387,Passport,Honda,Mafra,1663038449000,16.586,114.3
388,LeSabre,Buick,Ivyanyets,1638860684000,9.253,147.2
389,Town Car,Lincoln,Vrdy,1656938224000,27.581,175.7
390,V8 Vantage S,Aston Martin,Songjiang,1638044662000,45.428,151.7
391,Suburban 2500,Chevrolet,Senglea,1651910021000,16.444,143.4
392,Grand Voyager,Plymouth,Gorki Vtoryye,1666681348000,94.202,147.3
393,Taurus,Ford,Mealhada,1639143785000,92.15,135.4
394,E150,Ford,Mamboma,1652230880000,37.861,145.0
395,G-Class,Mercedes-Benz,Shidu,1638465787000,39.078,166.8
396,Avalon,Toyota,Bauang,1640418004000,66.054,167.6
397,Elan,Lotus,Yuxi,1657089266000,65.671,183.3
398,Loyale,Subaru,Plato,1645581866000,62.322,191.8
399,9-5,Saab,Ciudian,1653517112000,63.546,148.3
400,Murano,Nissan,Tembol,1639518871000,42.208,154.2
401,ES,Lexus,Teeli,1645705061000,58.865,111.6
402,Exige,Lotus,Hitoyoshi,1658038919000,71.771,172.0
403,Impala SS,Chevrolet,Moryń,1666453330000,33.906,131.1
404,Truck,Mitsubishi,Piskivka,1643108404000,68.406,185.6
405,Camry Hybrid,Toyota,Canchaque,1636692549000,71.887,171.4
406,Grand Caravan,Dodge,Hässleholm,1653096084000,74.16,185.6
407,E-Series,Ford,Dharān Bāzār,1642639361000,52.896,149.6
408,Tacoma Xtra,Toyota,Rontu,1660063535000,13.013,177.0
409,Safari,GMC,Kuncen,1661896935000,98.841,187.4
410,Leone,Subaru,Ōtsuchi,1638045464000,75.334,116.6
411,Camry Hybrid,Toyota,Heishui,1657700110000,69.389,179.1
412,Talon,Eagle,Detroit,1646665786000,67.251,198.0
413,i-290,Isuzu,Kodra,1663819386000,73.949,196.6
414,Civic GX,Honda,Tomice,1663508603000,63.706,147.6
415,Grand Marquis,Mercury,Mikrókampos,1642113926000,91.344,141.8
416,Element,Honda,Yam,1642426891000,63.001,189.3
417,745,BMW,Pļaviņas,1643445841000,59.512,152.1
418,Monte Carlo,Chevrolet,Sūq al Khamīs,1640037648000,15.175,130.8
419,LeSabre,Buick,Donghai,1646812561000,71.161,161.9
420,Prizm,Geo,Hyesan-dong,1659747894000,61.96,119.1
421,Trooper,Isuzu,Pañgobilian,1639304026000,16.408,111.4
422,W126,Mercedes-Benz,Hénin-Beaumont,1665743421000,60.422,112.0
423,Phantom,Rolls-Royce,Yelenendorf,1657070438000,52.857,183.5
424,Corvette,Chevrolet,Igurusi,1660128210000,41.644,123.0
425,F150,Ford,Tonggu,1643952154000,7.324,152.7
426,Malibu,Chevrolet,Žďár nad Sázavou,1664447178000,92.464,179.8
427,Legacy,Subaru,Timiryazevskoye,1655915179000,86.202,140.0
428,E-Series,Ford,Naxos,1636864886000,51.531,127.7
429,Talon,Eagle,Lubāna,1638532331000,97.154,130.2
430,Taurus,Ford,Bayan Tuohai,1653326104000,12.077,186.5
431,S10,Chevrolet,Shouzhan,1645362950000,79.384,177.5
432,Rally Wagon 1500,GMC,Putatbasiun,1649817975000,37.5,162.4
433,Club Wagon,Ford,Katyr-Yurt,1655939897000,39.778,160.6
434,Sportage,Kia,Talu,1645484751000,33.445,134.4
435,Breeze,Plymouth,Álli Meriá,1654696270000,29.615,136.5
436,M5,BMW,Illela,1637301335000,96.025,149.8
437,Amanti,Kia,Matai,1647984137000,14.139,179.1
438,Sonoma,GMC,Concepción,1656721392000,8.678,160.7
439,New Yorker,Chrysler,Kerrouchen,1656376352000,30.106,176.3
440,XK Series,Jaguar,Lincheng,1646947906000,46.288,136.3
441,FCX Clarity,Honda,Nakhabino,1667740258000,1.241,119.2
442,LaCrosse,Buick,Barra de São Francisco,1662834895000,56.329,147.5
443,Integra,Acura,Krasnapollye,1658493861000,99.748,113.9
444,323,Mazda,Macroom,1665972543000,36.722,158.1
445,E150,Ford,Shchuchin,1653965520000,65.987,155.0
446,Suburban 2500,Chevrolet,San Pedro,1666269524000,14.585,177.4
447,Civic,Honda,Arnaía,1653501668000,61.995,182.9
448,Quest,Nissan,Wanagiri,1648598339000,83.936,188.1
449,X-90,Suzuki,Bastia,1650803766000,82.335,125.5
450,Laser,Ford,Tugu,1649360838000,10.722,161.3
451,Mirage,Mitsubishi,Kramsk,1662639212000,64.877,141.3
452,QX,Infiniti,Rafaela,1647711597000,48.048,157.9
453,Corolla,Toyota,Lom Sak,1640228421000,76.0,196.8
454,Corolla,Toyota,Ţalkhā,1663774280000,41.987,127.5
455,Savana 2500,GMC,El Corpus,1638998112000,47.064,170.6
456,DTS,Cadillac,Omu Aran,1662365270000,44.824,110.4
457,Diablo,Lamborghini,Pukou,1666121360000,89.456,135.5
458,Escalade EXT,Cadillac,Zhukeng,1660252137000,66.883,139.8
459,Tahoe,Chevrolet,Anávra,1645498617000,67.625,141.6
460,Boxster,Porsche,Khiwa,1651192268000,59.544,163.3
461,Santa Fe,Hyundai,Zhentian,1665471456000,41.076,113.0
462,RAV4,Toyota,Myingyan,1644418712000,33.352,120.4
463,Prelude,Honda,Tawaran,1658264152000,31.162,126.4
464,Bravada,Oldsmobile,Paris 08,1659510517000,25.883,182.2
465,Dakota,Dodge,Fulin,1651129158000,64.66,119.3
466,9-3,Saab,Calancuasan Norte,1649033206000,22.925,130.6
467,Grand Am,Pontiac,Paojan,1655426028000,37.817,115.9
468,Transit Connect,Ford,Vide,1659361160000,85.754,188.5
469,88,Oldsmobile,Den Haag,1648846670000,47.131,127.9
470,LS Hybrid,Lexus,Šid,1654743938000,11.386,141.7
471,Swift,Suzuki,Hankha,1652596569000,76.275,198.6
472,Impala,Chevrolet,Chivilcoy,1644863945000,54.158,114.4
473,Avalon,Toyota,Fengjiang,1646745323000,69.185,165.3
474,850,Volvo,Fakel,1656925119000,40.131,122.2
475,Quantum,Volkswagen,Yavne,1651434387000,97.845,133.4
476,Tacoma,Toyota,Noşratābād,1666033814000,57.613,194.6
477,G-Series G30,Chevrolet,Pozhang,1659623539000,4.107,133.1
478,S80,Volvo,Tupambaé,1644355650000,11.156,122.0
479,323,Mazda,Ostrowite,1656669015000,1.014,114.0
480,Sorento,Kia,Fukui-shi,1644660178000,69.964,136.9
481,S-Class,Mercedes-Benz,Xiangshan,1651221004000,84.71,154.0
482,Somerset,Buick,Kebonkai,1643914445000,34.505,116.7
483,Prizm,Chevrolet,Citeureup,1640266094000,5.376,166.2
484,G,Infiniti,Kopashnovo,1661739375000,42.902,147.3
485,Avalanche,Chevrolet,Maae,1636804768000,14.46,155.4
486,GS,Lexus,Lincheng,1643660483000,40.249,197.6
487,Aerostar,Ford,Liushutun,1642381772000,39.003,130.0
488,TL,Acura,Amsterdam Binnenstad en Oostelijk Havengebied,1636767468000,1.165,145.2
489,B-Series,Mazda,Yangkou,1649252825000,56.55,163.1
490,Tahoe,Chevrolet,Nangalisan,1640177691000,66.736,151.4
491,Viper,Dodge,Färjestaden,1647501693000,11.35,176.9
492,Passat,Volkswagen,Pulorejo,1641784106000,15.478,151.0
493,TL,Acura,Qarāwul,1647667283000,87.175,175.6
494,Voyager,Plymouth,Toulouse,1648177501000,65.71,145.1
495,Suburban 1500,Chevrolet,Alue Glumpang,1636704540000,51.755,172.9
496,Ram Van 1500,Dodge,Georgiyevskaya,1641663563000,41.459,170.6
497,900,Saab,Gogaran,1643458551000,59.176,115.2
498,Quattro,Audi,Caicedonia,1645399722000,23.399,144.0
499,TSX,Acura,Independencia,1646658516000,67.639,133.9
500,Yukon XL 1500,GMC,Huiqi,1651709750000,6.72,145.5
501,Yukon XL 2500,GMC,Itéa,1655160105000,64.697,112.4
502,1500,GMC,Karangtengah,1640034667000,12.8,155.0
503,LR2,Land Rover,Litian,1644341745000,82.799,175.7
504,Aspire,Ford,Dobryatino,1643253867000,26.034,117.4
505,Santa Fe,Hyundai,Beizi,1655003565000,9.451,131.1
506,RSX,Acura,Topol’noye,1651231031000,19.474,125.9
507,Sunfire,Pontiac,Cangshi,1655510772000,67.91,130.5
508,XK Series,Jaguar,Cortez,1661365447000,42.726,137.0
509,CX,Citroën,Novyye Kuz’minki,1658813023000,30.352,144.9
510,EX,Infiniti,Yuncheng,1640806644000,56.476,181.1
511,IS F,Lexus,Liangli,1659727767000,4.159,125.7
512,QX,Infiniti,Llama,1658079705000,4.088,179.7
513,QX,Infiniti,Banaran,1659451832000,20.348,133.8
514,Miata MX-5,Mazda,Las Heras,1649305844000,62.654,119.9
515,LeSabre,Buick,Digne-les-Bains,1657987517000,37.993,141.8
516,XT,Subaru,Shanxi,1665639968000,60.745,165.0
517,Biturbo,Maserati,Terney,1654922505000,84.663,148.1
518,XJ,Jaguar,Tor,1651017137000,6.085,149.5
519,Xterra,Nissan,Sarandi,1664305973000,29.996,146.8
520,Expo,Mitsubishi,Mikstat,1642302045000,34.707,155.7
521,W201,Mercedes-Benz,Santo Rosario,1648220981000,75.807,196.9
522,Azure,Bentley,Rusocice,1666807554000,72.167,117.6
523,Tracer,Mercury,Disina,1653065710000,12.327,128.3
524,Azure,Bentley,Nikinci,1658109301000,83.435,118.9
525,Sentra,Nissan,Bohutín,1650753533000,91.703,193.7
526,Boxster,Porsche,Flin Flon,1642888413000,85.872,118.4
527,Yukon XL 2500,GMC,Torrevieja,1638726642000,87.981,152.0
528,SC,Lexus,Aldana,1638214036000,33.338,133.0
529,Corvette,Chevrolet,Paris 18,1665982308000,84.008,163.6
530,Town Car,Lincoln,Noormarkku,1652718384000,10.107,181.8
531,Explorer,Ford,Chruszczobród,1644054997000,60.612,115.8
532,Regency,Oldsmobile,Jibu,1648365961000,6.166,161.5
533,Grand Am,Pontiac,La Concordia,1661408746000,51.047,171.7
534,Festiva,Ford,Bankaw,1649522980000,78.323,133.7
535,960,Volvo,Zarechnyy,1647335195000,30.039,121.4
536,Grand Prix,Pontiac,Liulin,1662327195000,1.84,162.5
537,A6,Audi,Werang,1638768077000,23.489,197.4
538,Grand Prix,Pontiac,Calaba,1639340216000,60.559,179.5
539,F250,Ford,Ubay,1660012672000,5.459,168.8
540,Camaro,Chevrolet,Phú Vang,1639341653000,85.384,192.2
541,525,BMW,Bafatá,1657110825000,9.316,163.6
542,Tiburon,Hyundai,Yanshou,1664015405000,96.13,148.3
543,Caravan,Dodge,Akráta,1663766038000,89.5,128.1
544,Scoupe,Hyundai,Susapaya,1642491327000,50.335,118.3
545,Firebird,Pontiac,Zaindainxoi,1665154603000,85.973,154.5
546,TL,Acura,Pagedangan,1651593022000,67.069,163.0
547,F350,Ford,Tongbang,1666337072000,27.1,139.7
548,4000CS Quattro,Audi,Auriflama,1639162615000,22.828,156.5
549,200,Audi,Dingtou,1649036092000,36.653,194.2
550,Stratus,Dodge,Pöytyä,1655973605000,40.02,136.0
551,W201,Mercedes-Benz,Kolmården,1655466259000,1.175,172.6
552,QX,Infiniti,Sumberkemuning,1638522661000,24.427,156.9
553,Boxster,Porsche,Quebrada de Arena,1651726129000,52.47,147.3
554,900,Saab,Banepa,1644614088000,33.271,161.6
555,Corvette,Chevrolet,Tiro,1650355096000,24.702,125.5
556,NSX,Acura,Kole,1650471757000,60.051,183.0
557,Ram 2500,Dodge,Pyhäntä,1658874634000,77.485,136.5
558,LX,Lexus,Kaznějov,1660502121000,86.694,176.7
559,Loyale,Subaru,Bordeaux,1664717032000,11.494,147.6
560,2500,GMC,Anau,1662236634000,89.476,122.0
561,Continental,Lincoln,Santa Monica,1637592308000,99.565,129.5
562,Camaro,Chevrolet,Hexi,1658041286000,77.401,131.8
563,Town Car,Lincoln,Tonghu,1640914398000,99.51,123.3
564,Monterey,Mercury,Turt,1653187853000,42.199,116.8
565,Z8,BMW,La Coipa,1644361541000,27.868,137.1
566,9-4X,Saab,Nyrob,1662697576000,27.705,146.9
567,Town & Country,Chrysler,Filipstad,1655993015000,82.2,130.1
568,Ram 2500 Club,Dodge,Dalsjöfors,1666908827000,1.437,132.0
569,Q,Infiniti,Trubchevsk,1642994635000,32.799,177.6
570,Sentra,Nissan,Wenshao,1653567250000,94.254,163.4
571,Defender,Land Rover,La Joya,1651960463000,38.874,169.1
572,Tacoma Xtra,Toyota,Kálamos,1639363661000,59.887,159.4
573,S4,Audi,Santa Ana,1652762818000,79.356,160.9
574,Dakota,Dodge,Savelugu,1659150402000,44.06,129.7
575,Civic,Honda,Nangkapayung,1661172983000,2.441,192.1
576,Legacy,Subaru,Kiel,1652222682000,14.837,111.9
577,Firebird,Pontiac,Suileng,1663609595000,16.951,159.3
578,Uplander,Chevrolet,Farah,1663219326000,86.678,131.4
579,Tacoma,Toyota,Verkhniy Lomov,1647845291000,32.213,192.5
580,S5,Audi,Johor Bahru,1657762166000,49.691,181.6
581,Avalon,Toyota,Banjar Kubu,1643301149000,58.493,145.8
582,Sportage,Kia,Rudong,1658916355000,24.196,123.6
583,Cayman,Porsche,Seboruco,1645067030000,45.975,118.4
584,CL,Acura,Pokrovskoye,1656151855000,76.338,139.9
585,Dakota,Dodge,Taywanak Ilaya,1637413742000,54.07,148.5
586,E-Series,Ford,Eastern Suburbs Mc,1640856490000,18.647,140.1
587,57,Maybach,Huapi,1665403982000,21.702,124.9
588,Rainier,Buick,Mompós,1662358121000,3.484,176.8
589,LS,Lexus,Skatepark,1653922662000,79.504,160.5
590,Vandura G3500,GMC,Nanyi,1640665760000,1.9,149.6
591,Talon,Eagle,Kimito,1658730605000,84.72,159.2
592,Corvette,Chevrolet,Mora,1644155118000,38.354,174.2
593,RX,Lexus,Ban Kruat,1667121624000,31.209,135.3
594,Explorer Sport Trac,Ford,Zárkos,1658865393000,66.551,151.7
595,W201,Mercedes-Benz,Mucurapo,1659194612000,64.612,135.1
596,Laser,Plymouth,La Cañada,1639090032000,32.514,175.8
597,Envoy,GMC,Tangxian,1661628955000,36.377,199.2
598,Suburban,Chevrolet,Cikoneng,1648445798000,59.085,117.1
599,Expo,Mitsubishi,Gómfoi,1650345581000,33.542,132.5
600,Continental GTC,Bentley,Ágios Geórgios,1644894340000,31.186,160.1
601,911,Porsche,Dahe,1667413684000,74.108,167.8
602,Millenia,Mazda,Mūsa Khel Bāzār,1656125126000,72.188,136.5
603,Econoline E350,Ford,San José de las Lajas,1642956114000,7.366,188.3
604,S6,Audi,Konde,1656026531000,3.503,143.7
605,Maxima,Nissan,Ágios Matthaíos,1654754392000,79.593,168.1
606,3500 Club Coupe,GMC,Jiayuguan,1639745894000,83.424,120.9
607,Sebring,Chrysler,Všeruby,1658752202000,48.639,148.1
608,Cougar,Mercury,Huayan,1639559309000,71.675,168.4
609,Passat,Volkswagen,Novopokrovka,1665963129000,22.346,190.2
610,Boxster,Porsche,Saint-Maurice-l'Exil,1638988028000,75.106,169.1
611,Azure T,Bentley,Sambongmulyo,1663808740000,76.368,150.1
612,Tercel,Toyota,Maoping,1656815543000,79.879,138.6
613,RX-8,Mazda,El Kef,1667514289000,77.91,199.7
614,Golf,Volkswagen,Guhuai,1645587100000,13.434,152.4
615,Mountaineer,Mercury,Usulután,1649089973000,45.98,161.2
616,Dakota Club,Dodge,Tunis,1643907720000,90.333,125.0
617,Corolla,Toyota,Rosso,1652377762000,87.476,185.6
618,Accord,Honda,Quezon City,1664337419000,5.966,156.2
619,Riviera,Buick,Cholet,1648061499000,44.602,114.9
620,LeSabre,Buick,Levandeira,1665828948000,95.267,184.9
621,SJ,Suzuki,Xingzi,1642271176000,3.302,126.3
622,Discovery Series II,Land Rover,Vamvakoú,1646287267000,90.199,150.1
623,Tracker,Chevrolet,Lagangilang,1666245928000,22.215,155.9
624,E-Series,Ford,Codó,1645864030000,42.057,166.5
625,Interceptor,Jensen,Naukšēni,1639763922000,28.48,141.6
626,760,BMW,Laguna Salada,1647017427000,51.947,112.0
627,M5,BMW,General Enrique Godoy,1643399324000,56.066,183.3
628,LS Hybrid,Lexus,K’olīto,1662460833000,51.994,167.2
629,Mirage,Mitsubishi,Rio das Ostras,1652888957000,77.011,181.1
630,Ram 1500,Dodge,Bulqizë,1663533680000,54.891,192.7
631,Yukon XL 2500,GMC,Honolulu,1641706058000,92.269,160.9
632,Econoline E350,Ford,RMI Capitol,1644258721000,10.205,131.0
633,Sunfire,Pontiac,Jishui,1663400392000,70.77,124.5
634,MR2,Toyota,Gorodets,1659883438000,54.011,121.5
635,Roadmaster,Buick,Lagunillas,1638402184000,36.536,112.8
636,Azera,Hyundai,Hachiōji,1643059690000,90.176,142.8
637,A8,Audi,San Diego,1645505346000,86.429,163.8
638,Solara,Toyota,Laoag,1639444606000,78.017,189.1
639,Taurus,Ford,Wattegama,1642716393000,40.235,163.2
640,Laser,Ford,Colonias Unidas,1648649807000,34.669,116.1
641,F250,Ford,Hernando,1640601267000,51.211,133.7
642,Optima,Kia,Vällingby,1645772131000,69.632,132.9
643,9000,Saab,Qingkenpao,1644382309000,88.689,138.4
644,Truck,Mitsubishi,Lumil,1657458881000,50.467,166.1
645,Prelude,Honda,Sutton,1667000848000,58.745,142.0
646,Sierra,GMC,Orkney,1650564545000,17.989,183.8
647,430,Maserati,Hexi,1656014130000,67.375,141.3
648,Century,Buick,Kranjska Gora,1664297145000,6.385,173.9
649,Voyager,Chrysler,Lyamino,1664881607000,25.275,114.3
650,3 Series,BMW,Chitungwiza,1643135903000,9.451,144.6
651,Taurus,Ford,Vykhino-Zhulebino,1649210324000,46.841,139.4
652,Viper RT/10,Dodge,Viñac,1641030798000,20.694,154.5
653,Sportvan G20,Chevrolet,Flin Flon,1666341664000,7.04,158.6
654,Lumina,Chevrolet,Lichinga,1637797810000,4.759,187.7
655,Freelander,Land Rover,Wilga,1662089544000,30.252,181.5
656,J,Infiniti,Baikui,1639445370000,33.061,134.1
657,Quest,Nissan,Yuquan,1643743901000,88.505,171.0
658,RX,Lexus,Ordynskoye,1646842552000,41.662,112.8
659,Acadia,GMC,Beigang,1636943823000,38.984,194.3
660,Mazda6,Mazda,Damaishan,1664979922000,81.571,148.7
661,Accord,Honda,Camilo Aldao,1663481512000,18.594,129.0
662,LR3,Land Rover,Landerneau,1660645234000,20.829,194.5
663,Aerostar,Ford,Tanrake Village,1651753753000,30.714,137.7
664,RX,Lexus,Leština,1643681971000,69.341,173.7
665,Bravada,Oldsmobile,Paranaguá,1640821650000,1.579,171.8
666,62,Maybach,Brusyliv,1640635593000,73.664,199.0
667,Monte Carlo,Chevrolet,Cowansville,1639942422000,92.183,127.6
668,F-Series,Ford,Araguaiana,1665533583000,17.135,188.3
669,tC,Scion,Jedung,1663904339000,59.907,120.0
670,New Beetle,Volkswagen,Górzno,1645457428000,53.717,182.1
671,GLI,Volkswagen,Örebro,1644653806000,56.829,156.9
672,90,Audi,Tambawel,1646657638000,39.5,119.9
673,MDX,Acura,Garhi Yāsīn,1648464304000,17.294,168.5
674,Continental Flying Spur,Bentley,Kaeng Khoi,1665474873000,98.994,166.2
675,Rogue,Nissan,Nariño,1638436448000,1.437,143.8
676,Land Cruiser,Toyota,Nizhnyaya Maktama,1642508561000,33.361,176.8
677,F250,Ford,Jamundí,1644990084000,27.001,166.5
678,XJ Series,Jaguar,Kangān,1662552304000,64.612,197.6
679,V8 Vantage S,Aston Martin,Yangping,1656774643000,77.589,144.5
680,Swift,Suzuki,Kebonkalapa,1649101761000,51.846,182.8
681,Spectra,Kia,Zhuangta,1658209232000,74.4,199.5
682,Skylark,Buick,A dos Cunhados,1640203161000,97.334,188.3
683,HHR,Chevrolet,Illéla,1658122859000,17.013,190.7
684,Boxster,Porsche,San Miguel Chicaj,1640129331000,43.068,112.4
685,Tacoma,Toyota,Cill Airne,1636944167000,49.089,142.0
686,Range Rover,Land Rover,Marne-la-Vallée,1658900372000,86.106,173.1
687,Freelander,Land Rover,Eséka,1657687575000,36.419,121.0
688,G55 AMG,Mercedes-Benz,Changyuan,1647303217000,68.198,189.6
689,Seville,Cadillac,Tsivil’sk,1651229251000,59.486,178.4
690,S10,Chevrolet,Krzeszów,1652769651000,87.653,150.7
691,Montero Sport,Mitsubishi,Glotovka,1662651453000,4.727,151.9
692,Astro,Chevrolet,Vestmanna,1645928961000,34.27,112.2
693,SL-Class,Mercedes-Benz,Lendan,1650493955000,6.888,143.4
694,Tempo,Ford,Karengan,1648674957000,61.819,186.6
695,C-Class,Mercedes-Benz,Seren,1665222450000,84.642,167.6
696,Crown Victoria,Ford,Guintubhan,1652989041000,88.405,174.5
697,Rogue,Nissan,Cluses,1645964193000,9.178,177.3
698,Ghost,Rolls-Royce,Yangji,1654664720000,71.65,162.4
699,LTD,Ford,Glamoč,1665197068000,3.879,198.6
700,X3,BMW,Lazaro Cardenas,1647754798000,11.798,197.5
701,Bronco,Ford,Batutulis,1646063252000,97.944,140.0
702,612 Scaglietti,Ferrari,Dongshan,1655908425000,8.768,194.4
703,Cooper Clubman,MINI,Khu Khan,1651453601000,30.598,144.4
704,Continental,Lincoln,Dāngām,1642908842000,75.478,184.2
705,Pathfinder,Nissan,Iraquara,1664745724000,85.819,169.3
706,B-Series,Mazda,Shicheng,1640618601000,80.642,136.1
707,Caravan,Dodge,Limatambo,1655192443000,40.198,185.1
708,GTO,Mitsubishi,Bayeman,1636926161000,12.154,199.2
709,FX,Infiniti,Pataha,1648671115000,5.021,180.3
710,Falcon,Ford,Komorów,1652756131000,28.863,116.8
711,F-350 Super Duty,Ford,Penanggal,1647223542000,20.659,187.7
712,Q,Infiniti,Zolotkovo,1665787075000,65.625,179.5
713,Tundra,Toyota,Aisai,1643797224000,60.229,162.3
714,MR2,Toyota,Bibrka,1645229681000,94.174,131.2
715,Intrepid,Dodge,Bama,1638943969000,92.764,158.8
716,928,Porsche,Waenenda,1645211546000,48.783,121.4
717,Econoline E250,Ford,Donnybrook,1666790202000,44.288,113.1
718,Rio,Kia,San Lucas Tolimán,1652750278000,1.224,112.9
719,Firebird Formula,Pontiac,Milove,1655737532000,8.329,134.5
720,Caravan,Dodge,Vũ Quang,1662624983000,68.588,156.3
721,HHR,Chevrolet,Drezdenko,1666048438000,49.375,146.6
722,Leaf,Nissan,Bekasi,1667514247000,28.517,134.2
723,GS,Lexus,San Diego,1638196062000,28.83,185.0
724,Santa Fe,Hyundai,Motupe,1649310356000,63.556,135.6
725,Spectra,Kia,Glugur Krajan,1662197560000,45.477,149.3
726,Charger,Dodge,Jezerce,1644989757000,52.395,192.7
727,Sedona,Kia,Umeå,1654296748000,86.788,159.1
728,Quest,Nissan,Campina Grande do Sul,1656215023000,14.203,178.1
729,645,BMW,Kosai-shi,1662380418000,94.047,147.0
730,E-Class,Mercedes-Benz,Tsalka,1662229797000,35.82,110.9
731,Bel Air,Chevrolet,Progreso,1636816591000,10.703,158.2
732,Swift,Suzuki,Būsh,1638011709000,58.311,165.7
733,LaCrosse,Buick,São Gotardo,1654065429000,26.963,172.1
734,9-3,Saab,Loangmaka,1644050190000,74.553,163.2
735,Eurovan,Volkswagen,Tunzhai,1654062304000,68.652,110.6
736,Sportage,Kia,Ōyama,1649167428000,33.638,159.4
737,X-Type,Jaguar,Pamanukan,1638643122000,92.447,158.1
738,LHS,Chrysler,Nanyang,1651592398000,24.516,159.0
739,Chariot,Mitsubishi,Achiaman,1638844593000,8.12,126.3
740,SL65 AMG,Mercedes-Benz,Gulou,1662692451000,51.534,178.6
741,DB9,Aston Martin,Yantianhe,1649094577000,36.654,179.9
742,900,Saab,Maia,1645590971000,37.616,139.1
743,Taurus X,Ford,Staten Island,1648043551000,20.329,181.1
744,Savana 3500,GMC,Dobra,1645715646000,85.067,161.8
745,SC,Lexus,Betim,1647046106000,57.623,145.0
746,Truck,Mitsubishi,Jingjiang,1657739075000,5.637,167.3
747,Continental,Bentley,Jiangfeng,1658759768000,79.575,141.5
748,S80,Volvo,Alicante/Alacant,1655415353000,47.583,159.0
749,Pathfinder,Nissan,Turi,1654860283000,5.737,189.5
750,Camaro,Chevrolet,Zwolle,1657592236000,96.438,150.1
751,R-Class,Mercedes-Benz,Gumalang,1660133734000,19.371,191.1
752,PT Cruiser,Chrysler,Timaru,1664608505000,32.096,149.2
753,Impreza,Subaru,Tuguanpu,1654226610000,65.646,163.8
754,Ram Van 1500,Dodge,Bual,1660499594000,46.946,175.9
755,600,BMW,Seremban,1643630989000,34.015,149.5
756,G-Class,Mercedes-Benz,Torbeck,1651932196000,59.019,169.1
757,Savana 2500,GMC,Chauk,1639040981000,18.584,135.2
758,Grand Prix,Pontiac,Zhu’ao,1657646363000,48.381,156.9
759,4Runner,Toyota,Hongyang,1662844740000,10.087,182.0
760,TT,Audi,Tuanai,1654686433000,52.723,189.6
761,Silverado,Chevrolet,Troyan,1639774289000,35.813,161.1
762,Maxima,Nissan,Wailebe,1636580310000,4.885,172.3
763,DeVille,Cadillac,Tingsryd,1650008983000,31.55,196.7
764,SL-Class,Mercedes-Benz,Tashi,1651726740000,41.344,184.5
765,Continental,Lincoln,Trat,1662859406000,38.624,160.8
766,Ram 1500 Club,Dodge,Yaxi,1651686017000,66.1,123.2
767,Accord Crosstour,Honda,Kamenjane,1657798698000,99.685,180.4
768,Camry,Toyota,Caluire-et-Cuire,1639448706000,77.204,181.1
769,Land Cruiser,Toyota,Panevėžys,1653856942000,40.297,189.4
770,Eclipse,Mitsubishi,Idhnā,1654516119000,44.161,177.4
771,Sportvan G20,Chevrolet,Srabah,1636430970000,99.598,117.5
772,Crown Victoria,Ford,Presidente Epitácio,1639064171000,10.967,122.3
773,Grand Prix,Pontiac,Pyetrykaw,1662029044000,56.041,169.0
774,Beretta,Chevrolet,Karamat,1656797543000,2.845,184.0
775,Montana,Pontiac,Lamawalang,1646722323000,32.89,134.6
776,RAV4,Toyota,Alingsås,1660621845000,95.806,119.1
777,Galaxie,Ford,Telaga,1643162029000,75.37,155.5
778,GranSport,Maserati,Beiyang,1663345924000,58.444,177.3
779,Corvette,Chevrolet,Cruzeiro do Sul,1641743712000,38.399,131.9
780,MPV,Mazda,Providence,1650508667000,89.69,178.4
781,Quattroporte,Maserati,Kosiv,1663808395000,53.268,182.7
782,Monte Carlo,Chevrolet,Jimaguayú,1667339276000,99.171,156.8
783,Mountaineer,Mercury,Xinmin,1643794823000,67.62,151.2
784,Bonneville,Pontiac,Arapongas,1653875917000,7.134,186.5
785,Range Rover,Land Rover,Tāfuna,1663209060000,7.87,112.5
786,E-Series,Ford,Conceição da Barra,1641337007000,27.46,180.2
787,X5,BMW,High Prairie,1642431079000,36.709,186.7
788,Maxima,Nissan,Mīrwāh Gorchani,1648502558000,57.275,119.3
789,Freestyle,Ford,Fermont,1642412323000,1.092,115.7
790,900,Saab,Novoul’yanovsk,1643334788000,67.453,112.6
791,T100,Toyota,Sibut,1639678613000,48.945,173.3
792,Quest,Nissan,Quezalguaque,1650956312000,90.918,123.4
793,924 S,Porsche,Katoro,1652487797000,75.178,132.3
794,XT,Subaru,Melenki,1637045712000,88.837,124.1
795,RL,Acura,Roche-à-Bateau,1636401452000,21.778,131.5
796,Sierra 1500,GMC,Trat,1646060096000,77.614,112.7
797,del Sol,Honda,Tegalsari,1653644544000,70.94,117.6
798,Azure T,Bentley,Negla,1656650568000,72.292,158.2
799,Regal,Buick,Schiedam postbusnummers,1647358855000,72.334,152.0
800,Liberty,Jeep,Chahe,1648079631000,45.071,197.0
801,Lancer Evolution,Mitsubishi,Nyköping,1637445235000,59.53,150.6
802,IS,Lexus,Hetoudian,1641663706000,18.777,152.3
803,Routan,Volkswagen,Sölvesborg,1645594340000,93.687,162.6
804,900,Saab,Ruzhany,1644357308000,48.102,142.5
805,Blazer,Chevrolet,Stockholm,1637030714000,96.339,116.5
806,Veracruz,Hyundai,Huangshui,1664786758000,20.193,120.2
807,Navigator,Lincoln,Ołpiny,1656868206000,52.209,138.9
808,Mountaineer,Mercury,Ilesa,1651396870000,43.354,146.5
809,GT,Ford,Gusinoozyorsk,1643695575000,15.8,168.9
810,Frontier,Nissan,Saguenay,1646857254000,71.986,181.1
811,Mirage,Mitsubishi,Nueva Loja,1666696507000,21.708,184.7
812,TT,Audi,Itajuípe,1665987853000,68.366,140.0
813,Riviera,Buick,Seka,1654473070000,49.481,110.3
814,Grand Cherokee,Jeep,Zhujiachang,1638510187000,71.499,134.3
815,Bravada,Oldsmobile,Pécs,1657635109000,59.124,145.0
816,Quest,Nissan,Kute,1652147014000,2.131,164.6
817,Suburban 1500,GMC,Huanghuatan,1666799197000,43.799,179.8
818,Daewoo Kalos,Pontiac,Almeria,1648027019000,59.597,162.8
819,Cayenne,Porsche,Zhourui,1640119229000,30.132,131.3
820,Brat,Subaru,Numeto,1640405629000,68.4,177.9
821,Virage,Aston Martin,Nakano,1662622038000,27.865,128.1
822,LX,Lexus,Oygon,1659694391000,99.767,117.1
823,Yukon,GMC,Colonia Mauricio José Troche,1648118486000,44.784,189.5
824,5 Series,BMW,Glan,1660511887000,28.565,160.1
825,Town & Country,Chrysler,Confey,1664757572000,4.908,177.0
826,Impreza,Subaru,Óbidos,1645580285000,35.96,139.1
827,LTD Crown Victoria,Ford,Strängnäs,1644203961000,56.578,120.7
828,SLX,Acura,Ýdra,1664749770000,33.032,121.7
829,Hombre Space,Isuzu,Mbanga,1664963702000,17.143,127.5
830,XC90,Volvo,London,1664556787000,13.249,164.4
831,Explorer,Ford,Yazykovo,1658771785000,92.581,149.0
832,Elantra,Hyundai,Palencia,1663270302000,43.047,118.4
833,S-Class,Mercedes-Benz,Paris La Défense,1662624225000,41.523,140.6
834,600,BMW,Göteborg,1661256871000,37.393,193.6
835,Range Rover,Land Rover,Ninove,1637569805000,38.227,166.7
836,Century,Buick,Yuetang,1652328928000,25.834,150.5
837,Blazer,Chevrolet,Žihle,1658215389000,63.671,164.6
838,Eldorado,Cadillac,Lipnica Wielka,1641014487000,27.129,181.6
839,Cutlass Supreme,Oldsmobile,Awat,1651451646000,69.38,119.3
840,Sprinter,Dodge,West Island,1662585512000,68.806,167.5
841,G-Class,Mercedes-Benz,La Banda,1646566006000,80.885,127.9
842,350Z,Nissan,Kokotów,1665120577000,75.178,151.1
843,CR-V,Honda,Aricapampa,1666875614000,45.228,185.8
844,Loyale,Subaru,El Bauga,1661119723000,69.332,191.1
845,Discovery,Land Rover,Totness,1649426328000,37.581,186.0
846,Fox,Volkswagen,Raffingora,1647327876000,19.724,142.7
847,Mazda3,Mazda,Ninghai,1657266667000,2.069,114.4
848,B2600,Mazda,Bone South,1660070898000,34.139,127.9
849,Colt Vista,Plymouth,Chengshan,1647870778000,75.402,151.7
850,Freelander,Land Rover,Utrecht,1641958136000,5.101,126.5
851,Camry,Toyota,Xincheng,1644005954000,3.066,137.4
852,Forester,Subaru,Sirghāyā,1661765609000,97.934,165.3
853,Aerostar,Ford,Novaya Chigla,1639497027000,17.223,192.6
854,Intrepid,Dodge,Kwangmyŏng,1648729346000,74.153,152.1
855,F-Series,Ford,Guohe,1662849132000,80.093,133.9
856,Sephia,Kia,Mompós,1641311683000,8.382,158.4
857,Veracruz,Hyundai,Plomárion,1667178251000,19.269,176.1
858,Aviator,Lincoln,Huwan,1638760406000,32.287,195.9
859,240SX,Nissan,Zhaoqing,1637844355000,15.693,157.4
860,Viper,Dodge,Ufimskiy,1642286836000,93.571,171.7
861,Mazda5,Mazda,Brudzew,1641797285000,49.913,190.5
862,M-Class,Mercedes-Benz,Silva Jardim,1640299583000,73.45,158.1
863,Corsica,Chevrolet,Fengyang,1665674790000,41.278,145.5
864,DTS,Cadillac,Nowogard,1652722705000,61.171,114.8
865,600SEL,Mercedes-Benz,Valparaíso,1660515655000,62.35,141.9
866,A4,Audi,Łysomice,1648145561000,15.895,195.6
867,Liberty,Jeep,Várzea,1658065725000,47.868,166.2
868,Insight,Honda,Hutang,1650677042000,91.493,116.7
869,S80,Volvo,Taung,1639860501000,56.548,186.9
870,944,Porsche,San Francisco,1646369593000,52.515,121.3
871,Jetta,Volkswagen,Veliki Preslav,1664246531000,4.271,115.2
872,Mirage,Mitsubishi,Qingkenpao,1649217124000,73.735,125.2
873,Diamante,Mitsubishi,Sankoutang,1645628836000,67.809,151.6
874,3 Series,BMW,Corbeil-Essonnes,1667011741000,62.418,118.0
875,Ram 3500,Dodge,Slobodskoy,1660374234000,52.191,197.1
876,Sportage,Kia,Xingren,1657776979000,25.258,190.2
877,LeMans,Pontiac,Korkino,1647944481000,30.022,141.9
878,S80,Volvo,Berlin,1656591503000,42.475,132.6
879,Sebring,Chrysler,Mabay,1665798324000,91.413,188.3
880,Continental,Lincoln,Taquaritinga,1659452862000,92.503,152.4
881,Escalade EXT,Cadillac,Naran Bulag,1638191462000,47.889,115.4
882,Z8,BMW,Carcassonne,1663743076000,9.029,118.8
883,Sonoma Club Coupe,GMC,Yushu,1656265855000,93.642,158.0
884,QX,Infiniti,Shengping,1641113657000,68.304,133.3
885,TL,Acura,Draginje,1652257066000,35.489,188.9
886,Journey,Dodge,Světlá nad Sázavou,1659954004000,22.174,198.7
887,2500 Club Coupe,GMC,Safonovo,1637699531000,42.079,155.1
888,Town Car,Lincoln,Socorro,1637591043000,8.887,180.6
889,Savana 3500,GMC,Kawasaki,1663394241000,6.469,125.3
890,Topaz,Mercury,Bukitkemuning,1645398792000,87.679,123.8
891,Windstar,Ford,Garcia Hernandez,1653824579000,13.431,169.0
892,Pilot,Honda,Ferapontovo,1641627389000,59.93,114.2
893,VUE,Saturn,Alapayevsk,1647454180000,86.561,146.7
894,Taurus,Ford,Dongdong,1646085136000,41.662,133.9
895,M3,BMW,Taoling,1636602436000,85.244,143.8
896,Corsica,Chevrolet,Mindupok,1662793663000,53.386,160.4
897,G-Series G30,Chevrolet,Tbêng Méanchey,1650985857000,96.166,121.9
898,LeSabre,Buick,La Soledad,1636611839000,51.715,126.9
899,Caravan,Dodge,Uppsala,1648487371000,98.667,182.1
900,Continental Mark VII,Lincoln,Weepangali,1641913437000,13.772,163.5
901,Mountaineer,Mercury,Gjilan,1656606555000,60.134,166.6
902,Mustang,Ford,Wyszogród,1647033656000,96.617,160.3
903,Colt,Dodge,Zavety Il’icha,1648405671000,67.858,125.3
904,G-Series G30,Chevrolet,Cabuyaro,1650914902000,70.081,111.1
905,Galant,Mitsubishi,Krzanowice,1638422451000,78.902,150.0
906,Fleetwood,Cadillac,Loučovice,1636471059000,80.212,123.6
907,Countach,Lamborghini,Danderyd,1653289330000,64.352,187.7
908,ES,Lexus,Dolavón,1641614324000,26.752,175.6
909,C-Class,Mercedes-Benz,San Miguel,1661886963000,30.716,150.5
910,CL-Class,Mercedes-Benz,Yelan’,1665834961000,84.509,190.2
911,SLK-Class,Mercedes-Benz,Hodkovice nad Mohelkou,1658449233000,81.188,155.3
912,E-Class,Mercedes-Benz,Teno,1656470805000,56.022,139.4
913,S10 Blazer,Chevrolet,Padangtiji,1654182253000,2.362,134.1
914,Range Rover,Land Rover,Quiaios,1643225492000,88.088,191.6
915,Protege5,Mazda,Uzlovaya,1640879385000,88.951,129.8
916,Altima,Nissan,Pillpinto,1661728342000,55.608,115.7
917,62,Maybach,Jiangxiangzhen,1636431034000,48.756,155.3
918,Miata MX-5,Mazda,Rennes,1643093368000,17.65,164.9
919,Coupe GT,Audi,Panglanjan,1656843445000,54.045,154.7
920,W201,Mercedes-Benz,Dimataling,1656900123000,73.316,151.2
921,Tacoma,Toyota,Sukasada,1640874501000,92.798,156.3
922,Express 3500,Chevrolet,Lazaro Cardenas,1663822621000,96.375,126.3
923,Hearse,Buick,Douarnenez,1653464830000,76.97,122.8
924,Flex,Ford,Senador Pompeu,1653683660000,33.382,137.1
925,9-5,Saab,Machala,1645246202000,36.896,167.0
926,Corvette,Chevrolet,Timezgadiouine,1661099491000,82.736,142.1
927,Avalon,Toyota,Kaem,1657782595000,42.096,123.3
928,B9 Tribeca,Subaru,Los Andes,1641796982000,1.566,191.2
929,Altima,Nissan,Bagdadi,1657087938000,64.081,153.5
930,S60,Volvo,Carapicuíba,1660938825000,64.915,168.6
931,XF,Jaguar,Perechyn,1649362061000,90.526,127.8
932,Storm,Geo,Minle,1640636981000,92.919,142.4
933,Sportvan G20,Chevrolet,Březová,1661837395000,90.416,139.8
934,Dakota Club,Dodge,Ristinummi,1667661951000,1.685,194.2
935,5000S,Audi,Sittwe,1665734970000,23.386,150.2
936,Liberty,Jeep,Moshkovo,1667161253000,98.992,115.0
937,Veracruz,Hyundai,Xiahong,1664683241000,60.21,182.1
938,Sierra 2500,GMC,Jejkowice,1645395330000,98.862,174.6
939,Bonneville,Pontiac,Yangambi,1651733103000,18.9,183.4
940,X-90,Suzuki,Longxi,1642855868000,35.094,112.4
941,600SEL,Mercedes-Benz,Qianchuan,1658593217000,32.938,179.6
942,Crosstour,Honda,Santiago de los Caballeros,1653416018000,68.028,145.1
943,Town Car,Lincoln,Hagonoy,1649071307000,41.595,157.6
944,Raider,Mitsubishi,Azul,1657363712000,33.361,148.6
945,F150,Ford,Adelaide,1641279979000,42.302,143.7
946,Savana 3500,GMC,Luna,1657263163000,46.067,125.4
947,A8,Audi,Velikooktyabr’skiy,1662188224000,23.631,188.9
948,Prelude,Honda,Diaoluoshan,1665476353000,74.523,144.6
949,Continental Mark VII,Lincoln,Maogou,1662923607000,65.789,117.1
950,Viper,Dodge,Sudikampir,1646393052000,35.146,173.1
951,Grand Marquis,Mercury,Härnösand,1663241785000,44.374,115.8
952,626,Mazda,Jīt,1642280661000,67.884,167.6
953,Envoy,GMC,Cucutilla,1649232770000,64.037,133.0
954,Passat,Volkswagen,Loufan,1640092859000,44.046,133.8
955,MX-5,Mazda,Payaman,1665933212000,28.181,115.6
956,Civic,Honda,Tanjay,1647147896000,56.543,160.4
957,DeVille,Cadillac,Pyrzyce,1663307938000,84.014,125.6
958,XL7,Suzuki,Xincheng,1638610857000,81.47,184.1
959,Grand Prix,Pontiac,Odiong,1658639923000,5.554,198.6
960,SLS AMG,Mercedes-Benz,Isaka,1662166881000,5.05,172.7
961,DeVille,Cadillac,Lucun,1657756538000,14.383,112.0
962,S2000,Honda,Boxholm,1636761557000,6.19,139.0
963,Baja,Subaru,Kuanheum,1663734717000,84.866,138.9
964,Bravada,Oldsmobile,Santo Ângelo,1645507756000,38.418,188.3
965,Regency,Oldsmobile,Takaka,1640465689000,23.774,120.7
966,Grand Marquis,Mercury,Tampekan,1659192763000,2.173,146.9
967,Bonneville,Pontiac,Monteiro,1666751057000,23.311,129.9
968,911,Porsche,Bohus,1651045482000,27.43,142.0
969,Esprit,Lotus,Dalubian,1647862638000,66.991,151.0
970,Tiburon,Hyundai,Port Colborne,1658238194000,85.134,166.1
971,C-Class,Mercedes-Benz,Eckerö,1650555604000,18.144,162.8
972,530,BMW,Rokiškis,1667026383000,34.2,196.9
973,Vision,Eagle,Binulasan,1662642502000,50.795,172.8
974,Celica,Toyota,Şuwayr,1640622306000,28.364,131.4
975,Savana 2500,GMC,Pruszków,1657414487000,72.93,127.9
976,Grand Marquis,Mercury,Kragujevac,1663627158000,43.247,165.1
977,Ram 1500 Club,Dodge,Katuli,1642331811000,24.097,170.2
978,Legacy,Subaru,Paris 03,1663985656000,81.989,190.0
979,Firebird,Pontiac,Beisijia,1655659390000,24.151,153.2
980,V70,Volvo,Tasovčići,1667367133000,38.461,169.4
981,Protege,Mazda,Amparita,1661730591000,23.365,195.6
982,Sierra,GMC,Puno,1650414691000,48.214,194.8
983,Neon,Dodge,Bastos,1653146851000,18.538,175.7
984,S5,Audi,Agrela,1656120645000,7.399,123.2
985,Swift,Suzuki,Gesikan,1654151935000,54.39,193.2
986,3500,GMC,Bojongloa,1641363178000,16.733,161.0
987,Charger,Dodge,Cutral-Có,1642221080000,74.896,166.7
988,Grand Am,Pontiac,Lelystad,1646907147000,62.407,146.7
989,Trooper,Isuzu,Gulou,1661695720000,92.92,199.2
990,Tiguan,Volkswagen,Ketian,1654217605000,44.739,188.0
991,Firefly,Pontiac,Waxi,1644509206000,6.979,189.9
992,Santa Fe,Hyundai,Karangmangu,1666530445000,92.155,172.6
993,2500,Chevrolet,Qiandeng,1645198375000,65.22,191.5
994,Escort,Ford,Māmūnīyeh,1660086328000,69.875,175.2
995,Impreza,Subaru,Södertälje,1643919963000,78.808,156.3
996,G-Series 2500,Chevrolet,Ganxi,1666517036000,1.627,150.9
997,LeMans,Pontiac,Guandian,1659418426000,6.885,161.8
998,S40,Volvo,Libon,1654462344000,10.664,198.8
999,V40,Volvo,Ussel,1654847404000,10.954,135.1
1000,M,BMW,Liugong,1661765086000,55.753,132.4
